K5PC5CH.OP;K5PCV5I.PV;K5T4.PV;K5P21.PV;K5T18_2.PV;K5T7.PV;K5P19_2.PV;K5P19_1.PV;K5PC6CH.OP;K5HCV63I.PV;K5HCV62I.PV;K5T9_1.PV;K5T9_2.PV;K5T8_1.PV;K5T8_2.PV;K5T8_3.PV;K5PCV6I.PV;K5T10_1.PV;K5T10_2.PV;K5P18_1.PV;K5P18_2.PV;K5P23.PV;K5P24.PV;K5P20.PV;K5T5_1.PV;K5T5_2.PV;K5T18_1.PV;K5T8_4.PV;K5T8_5.PV;K5T8_6.PV
28.43256;96.80196;107.4449;-274.5025;76.77946;41.84182;-274.6382;-322.591;41.4816;97.29976;0;23.78062;24.07831;50.24517;60.8057;101.6112;95.68557;59.77333;90.33453;-64.05509;-70.41599;0.5544971;0.6234499;-831.0353;567.9844;657.2806;203.5855;93.15239;97.01862;140.6675
37.0233;96.78888;116.0183;-355.9825;81.91438;41.4965;-253.3734;-306.2327;49.20881;97.32501;0;22.55076;22.97996;52.67821;62.42295;105.0635;95.67174;71.05275;94.62981;-69.54796;-75.83286;0.8034658;0.8944435;-793.8561;587.181;694.4102;219.8285;97.4267;102.6866;148.8049
40.27494;96.86331;120.499;-383.8112;84.44536;42.03291;-247.2132;-301.2046;52.11905;97.40008;0;21.99088;21.95745;54.44944;64.16695;108.5089;95.70911;72.43599;97.2056;-71.48503;-77.27142;0.8917446;0.9933531;-781.3564;591.4104;705.2923;227.0702;100.8256;106.7524;155.0162
33.39332;96.85043;111.913;-314.1233;79.10992;40.66955;-264.0493;-313.9809;45.67082;97.36178;0;21.82398;21.60457;51.08363;60.87175;103.0717;95.639;68.05637;91.99626;-67.95197;-73.8697;0.6762037;0.7582414;-812.5995;579.0649;677.1272;213.1518;95.36046;99.94947;145.7436
31.39035;96.77234;109.087;-302.5283;78.44747;37.86535;-265.3562;-314.7856;44.23922;96.9895;0;19.94676;19.60295;47.8261;57.91248;101.0094;95.39429;64.59758;90.2277;-66.15006;-73.61724;0.6451115;0.7154977;-818.542;574.535;669.7603;211.3369;92.83288;97.44041;143.6423
27.50843;96.71776;105.6746;-271.1431;77.68006;38.07016;-274.5045;-321.4969;41.04145;96.90092;0;20.85693;19.73843;46.50022;57.59764;99.73357;95.31052;65.85112;88.604;-63.24423;-70.92929;0.5514602;0.6135198;-833.5392;562.713;651.7389;204.8457;91.35164;95.19745;140.3663
25.25122;96.6185;104.0862;-257.7885;76.5554;38.47497;-278.7301;-325.0063;39.51466;96.6713;0;21.45306;21.43865;45.96319;58.25529;99.44934;95.13222;66.35464;88.05206;-61.70712;-69.23579;0.508799;0.5693261;-839.2973;557.9197;644.5317;201.3916;90.42651;93.93913;138.3448
27.29122;96.51358;105.3824;-271.0287;77.67409;38.18448;-274.3583;-321.5146;40.98089;96.74829;0;20.9036;19.97057;46.55001;57.69835;99.4186;95.21268;67.59645;88.52178;-63.23243;-70.89413;0.5514243;0.6130996;-833.2618;563.7247;652.8766;204.4326;91.1241;94.86008;139.7607
27.52429;96.42625;105.8053;-274.5247;78.28339;37.58356;-273.8398;-321.0334;41.35579;96.73724;0;20.38322;20.1339;45.71489;57.57377;99.5451;95.34074;62.64949;88.42663;-63.39825;-70.82851;0.5638521;0.6282012;-831.3499;565.0979;655.3196;205.7758;91.42061;95.40755;140.6138
30.24927;96.23548;108.3758;-299.2262;80.49529;36.9749;-265.7083;-314.7929;43.61284;96.32012;0;20.55966;21.77401;45.81232;58.17948;100.7338;94.91656;67.98415;90.50634;-64.52203;-73.26161;0.6387002;0.702172;-819.8497;575.9326;671.4623;210.6817;91.89983;96.42628;142.6755
30.81606;96.1637;109.2162;-299.7555;80.57363;38.09083;-266.2287;-315.1484;43.70599;96.68806;0;21.35323;22.36362;47.28051;59.4882;101.748;95.19924;70.15643;91.20943;-64.63155;-73.37676;0.6389875;0.7056422;-819.4164;575.5281;670.5251;210.923;92.90253;97.49499;143.5022
30.65722;96.18584;109.3515;-298.16;80.56977;38.51794;-267.5219;-316.1548;43.57859;96.87002;0;21.42123;21.4476;47.47499;59.72676;101.8796;95.38054;68.12777;90.82298;-64.67348;-72.82295;0.6354004;0.7046791;-819.8909;575.1644;670.0099;211.0633;93.49619;98.01254;143.8106
30.27296;96.28835;109.214;-298.5134;81.49049;38.29659;-266.3538;-314.93;43.43182;96.62163;0;21.3584;22.15012;46.81438;59.17637;101.2832;95.35073;68.3828;90.74348;-64.85281;-72.93554;0.6393856;0.7064599;-819.9294;576.7737;671.7205;211.0809;93.39013;97.90876;143.7918
38.15836;96.20091;117.8929;-377.6329;86.68684;39.19487;-246.8161;-299.9337;50.42628;96.90902;0;22.08258;22.32408;49.74949;61.59053;105.4577;95.55491;71.71204;95.24959;-69.19103;-77.1293;0.88468;0.9738365;-783.7244;592.5671;703.6173;225.0192;97.84831;103.7297;151.092
42.90452;96.23633;125.2072;-431.8986;90.16762;40.284;-233.3519;-289.1106;54.88246;96.95016;0;22.43655;22.32679;52.20815;64.45963;111.0665;95.59053;79.73933;99.6443;-70.88161;-79.34499;1.060635;1.159544;-759.7844;599.4517;719.4431;234.9225;102.5734;109.9054;159.7413
23.56916;96.39804;105.0337;-246.0119;75.68774;40.44701;-282.1474;-327.1917;37.74855;97.12056;0;22.99759;21.74594;47.14475;58.97683;99.9799;95.53967;70.96822;88.0041;-60.701;-67.85905;0.47379;0.5322164;-844.0361;555.1661;641.0065;199.5653;90.92519;94.66339;138.0215
24.47862;96.46205;105.5099;-252.7211;75.70203;40.33937;-280.3053;-326.2411;38.45308;97.13474;0;22.56023;20.35243;47.48441;58.77433;99.86826;95.52306;68.32015;87.84144;-61.52536;-68.44057;0.4930835;0.5553302;-840.9062;559.7174;647.02;200.7711;91.07391;94.88878;138.5038
25.94376;96.47842;106.7;-261.3938;76.67247;40.29576;-278.1241;-324.483;39.49147;97.22766;0;22.53767;20.21212;47.99836;59.17475;100.4062;95.59487;70.99843;88.4211;-62.43655;-69.25784;0.5199781;0.5858899;-837.1682;563.073;652.2239;203.0526;91.78972;95.7078;139.6331
29.16151;96.54832;110.0732;-290.4602;79.60711;39.52743;-269.7383;-317.8453;42.64561;96.94007;0;21.69234;20.10181;48.1815;59.60586;101.6282;95.34618;73.18196;90.10819;-64.80054;-71.93657;0.6122535;0.6837548;-824.0093;575.0162;668.9897;210.0422;93.33189;98.1699;143.4937
29.27619;96.41726;109.4441;-296.1521;80.39757;37.58203;-267.0655;-315.7982;42.95026;96.64465;0;20.38228;18.9912;46.23335;57.87431;100.701;95.1829;74.13808;89.49928;-64.83885;-72.68743;0.6292046;0.6971489;-821.4968;576.1835;670.3198;210.8246;92.24976;97.26915;143.1756
31.50435;96.31897;111.7265;-310.0117;81.83503;38.19651;-263.4087;-312.8396;44.46053;96.8404;0;20.96322;19.47194;47.77956;59.04487;102.0726;95.37141;76.48598;91.16395;-65.80417;-74.04956;0.6718405;0.7432709;-815.0524;581.8292;680.3489;213.7011;93.76206;98.95304;145.1544
32.91343;96.29128;113.4233;-318.0602;82.68428;39.22445;-262.2098;-311.9266;45.49808;97.09773;0;21.54138;20.21458;49.02413;60.20205;103.3667;95.58728;78.47627;92.2709;-66.39665;-74.42295;0.6963038;0.7732988;-811.0739;582.1085;682.7997;215.9714;95.22089;100.5505;146.9561
34.59324;96.46824;114.7747;-327.8894;83.11144;40.07597;-260.5485;-310.8236;46.71793;97.39796;0;22.18461;20.15446;50.67341;61.24419;104.439;95.78455;78.611;93.07278;-67.31948;-74.94744;0.7229144;0.8059146;-806.4493;585.1682;688.5678;217.2103;96.42132;101.817;148.091
35.6139;96.7511;115.7905;-330.3683;82.66502;41.85437;-260.859;-311.4186;47.33128;97.6049;0;23.27858;21.55053;52.52466;63.13401;105.1747;95.73611;77.88777;93.69609;-67.74963;-74.55604;0.72651;0.8139245;-805.5347;580.7367;685.2949;217.7448;97.46637;102.8485;148.8245
35.85681;96.89775;117.1427;-327.5997;83.19077;43.82458;-263.7269;-313.9453;47.63398;97.49432;0;24.77125;22.4952;54.40248;65.01934;106.7342;95.80535;74.05736;94.54416;-67.62563;-72.99368;0.7189739;0.8130657;-806.3354;577.2811;682.467;218.126;99.2003;104.4542;149.8617
36.05956;96.9055;117.8808;-325.1661;82.41154;45.20034;-265.8848;-315.1887;47.76978;97.62291;0;25.73545;25.50916;55.50154;66.63422;107.7405;95.82516;76.76127;95.0139;-68.40021;-72.32877;0.7131894;0.8133811;-806.4006;576.1167;681.0222;218.2899;100.354;105.4821;150.5033
34.57165;96.94001;114.1798;-317.1504;78.5652;41.23802;-267.2412;-316.0732;46.29154;97.45593;0;21.443;21.07355;52.30627;62.33342;104.6068;95.5994;78.16429;91.55879;-66.72585;-72.09038;0.6878854;0.7828533;-810.091;575.8885;678.726;216.9717;97.04871;102.4742;148.3488
33.93195;96.86415;113.3295;-314.6248;79.01286;40.26807;-266.3558;-315.5276;45.78149;97.13403;0;21.27818;20.67577;51.0031;61.52364;103.8666;95.26556;76.52168;91.47911;-66.06491;-72.65162;0.6821985;0.7706643;-811.4841;577.6559;678.961;216.3797;96.01524;101.4025;147.4828
31.99164;96.66527;110.1487;-305.1492;77.24636;37.0692;-267.2354;-315.9189;44.13393;96.80139;0;18.6607;17.87311;47.74717;58.40214;101.4978;94.96208;75.0772;89.49003;-64.06824;-72.4995;0.6516719;0.7295697;-816.5999;576.1672;677.77;214.2482;92.92376;98.29442;144.8468
34.82315;96.40325;113.596;-331.4874;81.11062;38.29315;-259.3617;-309.9652;46.81103;96.65753;0;20.27137;19.48957;49.12806;59.92582;103.2622;94.96503;73.18319;91.84342;-66.48304;-74.95342;0.7317526;0.8146427;-804.0622;584.0978;688.5229;218.6032;95.21812;101.0047;147.8861
30.14186;96.40888;108.9711;-290.4332;77.54546;37.95804;-270.0562;-318.04;42.86312;96.62971;0;20.08862;18.82808;47.43592;58.00979;101.2756;95.0918;71.51199;89.40263;-63.90234;-71.9408;0.6127844;0.6839389;-822.8824;571.6024;665.4084;211.161;93.02833;97.97246;143.8587
30.97768;96.35586;109.9308;-295.4832;78.47611;38.70122;-268.7881;-316.7438;43.60768;96.55311;0;20.51056;19.33056;47.76529;58.24129;101.7295;95.23555;71.36284;89.91574;-64.72784;-72.47472;0.630074;0.7040838;-820.2807;573.902;669.0796;212.3519;93.70562;98.69159;144.5719
32.11076;96.26775;110.4979;-310.5583;79.52145;37.77346;-263.2335;-312.5003;44.92787;96.13561;0;20.13576;20.61201;46.56885;57.82109;101.2847;94.93235;70.68388;90.26237;-65.81863;-73.90153;0.6764353;0.7485657;-814.0372;580.2913;679.4576;214.0929;93.26229;98.59125;144.9311
33.09315;95.92415;113.0762;-320.3119;84.56463;39.27854;-259.6563;-309.437;46.03994;95.99004;0;23.27166;25.06268;47.75668;60.25334;103.2712;94.87467;72.9974;93.30994;-66.11977;-75.06075;0.7063009;0.7758755;-810.1451;583.9914;685.3218;215.1663;95.22826;100.5239;146.6463
35.88268;95.8332;117.6625;-346.6027;89.20448;41.2014;-252.904;-303.8806;48.56837;95.99173;0;25.48137;29.09303;50.19271;62.94159;106.7192;94.94534;76.45231;96.93317;-67.39817;-76.86179;0.7834011;0.8577213;-798.8347;587.0068;696.6699;220.6286;97.73759;103.5581;150.3202
36.22343;95.85051;115.5536;-345.8355;84.8729;38.93796;-254.6585;-305.6552;48.34172;96.52909;0;21.32377;21.82187;49.38325;60.40651;104.0852;95.2552;73.00182;93.57274;-67.53445;-76.24722;0.7782946;0.8568913;-799.5569;585.5215;694.6959;220.6475;96.60659;102.5452;149.6136
37.67001;95.9295;116.487;-356.2675;84.54155;39.40962;-252.496;-304.6122;49.37671;96.80836;0;21.25401;19.97933;50.70383;60.80674;104.6055;95.37441;71.35365;93.80874;-68.52809;-76.4767;0.80587;0.8897852;-795.0353;585.9274;697.7172;221.9468;96.87464;102.9765;150.1257
38.8069;96.22968;118.0384;-362.2301;85.07615;40.70534;-251.735;-304.5078;50.2333;97.16196;0;22.28682;21.27637;52.46207;62.21794;105.9536;95.5981;63.68466;94.96601;-68.54617;-76.1401;0.825215;0.9151977;-791.9146;587.3591;701.3203;223.3132;98.35891;104.422;151.4369
39.97833;96.55122;119.8876;-370.4288;85.35666;42.08424;-250.2855;-303.379;51.12699;97.43373;0;23.06726;22.64375;54.40036;63.45561;107.7033;95.72925;70.10346;96.45912;-69.4165;-76.63219;0.847315;0.9413428;-787.2715;590.0394;706.5898;225.1705;100.1273;106.1444;153.3183
43.48853;96.61485;123.806;-407.245;88.30469;41.99727;-242.2318;-296.9588;54.65651;97.33384;0;22.73332;21.5615;54.98484;64.6349;109.6099;95.57275;65.20161;98.26917;-71.27549;-78.08809;0.9667628;1.073742;-771.0084;595.6254;719.2953;232.4434;102.1948;108.8362;157.1005
45.20169;96.67517;126.4537;-422.7233;90.14834;43.45117;-239.2376;-294.6255;56.43749;97.35173;0;24.03436;21.96032;56.68121;66.51939;111.6238;95.5734;56.02581;99.87626;-72.25494;-78.30891;1.0207;1.136713;-764.1017;597.4421;723.0702;235.6557;104.308;111.0371;159.6044
48.37173;96.8401;130.5039;-450.3575;91.97198;45.95111;-233.9917;-290.7882;59.27212;97.49612;0;25.50388;22.47165;59.7047;69.27193;114.484;95.83095;70.08797;102.0315;-74.44878;-78.98567;1.11054;1.244328;-750.1495;603.2587;730.4785;239.443;107.443;114.3497;162.7682
47.17307;96.87836;129.2928;-438.9225;89.06949;44.9296;-237.7465;-293.3191;58.16887;97.286;0;23.8235;22.57331;58.91977;69.04855;113.5092;95.50468;77.51721;100.6086;-74.00901;-78.12349;1.071853;1.204608;-754.9962;599.4615;725.5964;237.9873;106.3069;113.303;161.7437
37.92285;96.58967;120.6651;-353.7961;84.608;42.21286;-256.4814;-307.7527;49.84254;96.56436;0;23.22928;23.03634;53.44335;64.57549;107.7536;95.08751;71.86251;95.64438;-69.29945;-74.85224;0.7998515;0.897141;-794.7546;581.2401;693.297;224.2343;100.0307;106.0687;153.3998
35.59554;96.45395;117.3453;-333.6649;81.8271;41.08984;-260.972;-311.4428;47.56156;96.52377;0;22.00818;21.40757;51.84676;62.44992;105.4732;95.05975;64.47109;93.40629;-68.39961;-74.16393;0.7325681;0.8220077;-804.7969;579.46;685.8892;219.7316;97.62517;103.3725;150.0146
34.75961;95.96149;116.0408;-335.7108;83.16307;38.37439;-257.7724;-308.6579;47.24014;95.95115;0;20.99198;21.50312;48.62275;60.28492;103.8188;94.80202;59.72303;92.65924;-67.83383;-75.25227;0.7438647;0.8242662;-803.7803;583.8773;689.5408;219.352;95.70532;101.6473;148.7954
34.63472;95.78459;116.6989;-336.0828;83.58611;39.37112;-256.9497;-307.899;47.16803;95.95004;0;21.99176;23.52802;49.2265;61.04057;104.6974;94.89345;47.51976;93.73205;-67.86864;-75.72886;0.747268;0.8248605;-803.3775;585.145;690.3813;219.484;96.20813;102.0852;149.1346
34.5291;95.80677;116.5875;-334.9645;83.86367;39.42943;-257.3719;-307.9187;46.98098;96.03755;0;21.96183;21.72675;49.42578;60.69656;104.3918;95.11803;47.39054;93.36624;-67.67162;-75.52831;0.7459626;0.8231614;-803.8911;585.1797;689.7621;219.3819;96.29356;102.1335;149.0901
34.3339;95.83171;116.4321;-329.5329;83.15954;40.17798;-259.6482;-309.6774;46.51976;96.39178;0;22.20342;20.5859;50.35718;61.01203;104.4278;95.34601;48.48192;93.19459;-67.45671;-75.12174;0.7282701;0.8064384;-806.904;584.7463;687.868;218.6738;96.47181;102.1833;148.9266
37.00447;96.07417;118.5913;-346.8024;83.51245;41.93174;-256.3082;-307.397;48.5083;96.95875;0;23.24496;21.72732;52.86295;62.96798;105.8617;95.633;43.57221;94.28467;-68.88473;-75.77714;0.7769912;0.8672438;-798.0953;588.434;696.2855;220.4108;98.25981;104.1173;150.4068
34.68679;96.37237;117.3898;-322.724;82.09911;43.86687;-264.2633;-313.8084;46.50087;97.16173;0;24.59924;22.40708;54.2112;64.25695;106.0943;95.68483;43.2294;93.9367;-67.95412;-73.43513;0.7024981;0.7916188;-809.0443;582.2584;682.5069;216.478;98.53073;103.713;149.0373
33.80516;96.46794;116.0629;-312.9428;81.75993;44.44241;-266.5592;-315.5453;45.86667;97.21466;0;24.99743;22.86098;54.57402;64.69566;106.1487;95.70071;47.75001;93.72823;-68.57645;-73.18094;0.6801465;0.7706398;-811.6475;581.1814;679.56;215.578;98.72416;103.6573;148.6692
33.66739;96.5023;115.2825;-312.3132;79.90562;43.38144;-267.2523;-315.7455;45.70878;97.16342;0;23.85531;23.07709;53.47937;63.82056;105.5763;95.62302;65.85126;92.71043;-68.36113;-72.59409;0.6792167;0.7714359;-811.4972;581.274;679.9196;215.6791;98.14675;103.3062;148.396
32.92389;96.59135;112.5411;-314.0107;76.74249;39.00293;-264.3717;-313.5697;45.16146;96.61176;0;19.89647;19.26096;49.63577;59.64935;102.6661;95.02126;65.29431;90.22555;-67.42315;-73.1991;0.6853449;0.7703089;-810.5282;583.1179;682.1313;215.8351;94.81876;100.3869;146.5824
27.98144;96.24676;107.8576;-281.7275;75.02061;36.6778;-270.9513;-318.4364;41.43258;95.97853;0;18.5048;17.21257;45.61385;56.38025;100.2446;94.81519;52.20293;87.99998;-63.99501;-71.09235;0.5898131;0.6562137;-825.9528;568.7259;660.739;210.613;91.61369;96.47494;142.6654
27.71554;95.95222;106.8168;-283.2811;75.31562;35.06069;-269.433;-316.6151;41.11135;95.85023;0;18.27505;19.03915;44.30102;55.09455;99.47317;94.88129;52.57626;88.19975;-62.67266;-71.79682;0.5927445;0.6530716;-826.5356;569.5168;662.3812;210.1832;89.88236;94.95676;141.4444
27.58563;95.89177;107.6969;-279.7112;74.85468;37.36961;-271.2373;-318.4277;40.93564;96.17526;0;20.17555;20.18084;45.68832;56.4115;100.4874;95.17951;56.48846;89.04796;-62.35994;-71.23182;0.5826623;0.6452463;-827.6955;567.2595;658.801;209.9184;90.97845;95.67902;141.9525
37.31076;95.78364;117.9982;-370.5291;85.73611;38.39202;-246.1219;-299.2723;49.57811;95.8858;0;20.9047;22.54518;48.33924;60.03542;105.2984;95.16669;64.55011;95.05842;-68.59191;-77.77152;0.8557959;0.9384281;-785.4112;593.5137;708.8804;227.4264;96.616;103.2625;151.9617
36.85258;95.72119;119.5513;-368.3114;90.5033;39.55018;-246.183;-299.075;49.51871;95.5255;0;23.58756;26.19103;48.09112;61.74286;106.9981;94.87939;70.75868;97.14286;-67.64417;-77.53815;0.8474337;0.9259838;-787.5515;587.3024;702.0958;227.3745;97.90383;104.466;153.2236
35.27369;95.69392;116.8829;-352.6267;88.15159;37.27291;-251.7059;-303.3398;48.13171;95.61661;0;20.37351;21.93834;46.57328;60.03643;104.8217;94.94498;69.16283;94.38756;-66.91682;-76.68463;0.7922001;0.8747745;-795.2327;582.0524;693.2328;225.0376;96.58276;102.855;151.341
36.1285;95.60097;117.6685;-363.6852;89.49908;37.47694;-248.5789;-300.4068;49.13676;95.34827;0;21.30447;22.36293;46.82935;60.50723;105.2511;94.77954;78.64793;95.17949;-67.98924;-77.94826;0.8248007;0.9081611;-790.2327;590.6537;704.5164;225.726;96.54318;102.8173;151.599
50.47416;95.58419;131.3306;-508.8642;98.88358;40.1608;-212.6788;-272.8607;62.29572;95.62699;0;22.90881;24.77688;53.33409;65.86002;113.483;95.0153;91.09779;103.6079;-75.02075;-84.34444;1.298635;1.424265;-724.3501;614.5725;748.4112;248.8402;104.8376;113.1416;164.9
52.43256;96.24587;132.6989;-508.6351;96.20809;41.97145;-215.9105;-276.2386;63.50603;96.87322;0;23.10803;23.27638;57.01526;68.00761;115.3624;95.56659;47.29745;104.4599;-75.24079;-83.30565;1.315201;1.443824;-724.7084;610.7068;741.5828;248.9852;107.3554;115.3896;166.7137
52.99632;96.77605;133.9702;-501.2698;92.75892;45.53771;-221.418;-280.9921;63.97196;97.48583;0;24.60325;25.38022;61.09479;70.9757;117.1209;95.75198;21.58577;104.7029;-75.59874;-81.47894;1.294286;1.443027;-725.3129;607.7937;737.0858;248.4443;109.8913;117.5873;167.744
53.06498;96.77106;134.4359;-498.994;95.04833;46.67839;-222.977;-281.8707;64.30648;97.51136;0;25.64506;24.20627;61.54677;71.58602;117.6767;95.80904;52.59531;104.6744;-75.98601;-80.22286;1.288446;1.443438;-725.4376;606.9885;735.4639;247.8035;110.6853;118.2074;167.9377
53.25539;96.82864;132.8387;-499.6873;92.28172;44.41206;-223.1017;-281.6704;64.08926;97.47414;0;22.85881;21.81877;60.26996;69.64595;115.9206;95.65205;61.15227;102.4935;-76.50516;-80.85193;1.28583;1.444966;-725.3846;607.5529;737.7582;248.1174;109.3481;117.1371;167.3322
45.07667;96.89228;123.5086;-411.0916;86.42978;42.69745;-244.3804;-298.001;56.00072;97.32187;0;21.96438;21.14713;56.96954;66.20311;110.891;95.39085;67.96628;97.65414;-70.78255;-76.58239;0.9944122;1.121415;-766.2159;590.5095;712.7353;234.4367;104.1135;110.5589;159.4677
40.97502;96.8843;116.3869;-371.5855;81.09863;39.48352;-252.8689;-304.6444;51.65934;97.25687;0;19.23671;19.29615;52.41164;62.58014;105.7832;95.22894;48.77014;93.06995;-68.02663;-75.18676;0.85823;0.9672771;-784.9843;582.4279;699.4631;226.7401;98.27553;104.3739;152.7498
39.03453;96.59716;114.7502;-355.2051;80.36185;38.97664;-256.2904;-307.0074;49.75091;97.27042;0;19.3787;20.11349;51.68181;61.81611;104.8599;95.25393;21.3845;92.47743;-66.39116;-75.0775;0.8052376;0.9064907;-792.5073;579.5924;693.7807;224.7317;97.28607;103.1777;151.3878
36.2478;96.57719;113.7901;-328.9632;80.64419;40.81588;-263.0311;-312.4783;47.4427;97.20747;0;21.13965;20.22598;52.96385;62.36055;105.3091;95.30343;30.50717;92.49481;-66.08915;-73.81671;0.7262362;0.8233196;-803.2705;577.8278;684.8022;220.2734;98.08252;103.2679;150.1653
36.82307;96.48138;114.6655;-338.3582;82.8649;41.26929;-259.2659;-309.8009;48.23235;97.01324;0;22.16045;21.30494;52.63781;62.93991;105.7109;95.16729;40.62644;93.4544;-67.21439;-74.83872;0.7571301;0.8522204;-798.8889;584.3345;693.0048;221.3672;98.40453;103.5987;150.5607
37.7322;96.45834;117.9518;-342.8931;85.4298;45.59838;-259.5524;-310.1027;49.34542;97.04731;0;25.91349;26.06872;56.38929;67.37724;109.2937;95.23051;55.20759;96.8218;-69.45174;-74.5808;0.7715686;0.873088;-797.0468;584.7006;694.7331;221.9178;101.8662;106.6781;152.8027
38.589;96.53893;119.4278;-347.1392;84.68575;46.31139;-259.3423;-310.4251;50.01831;97.16398;0;26.01606;25.92865;57.38678;67.91122;109.6348;95.31504;56.14299;97.00533;-70.69646;-74.30624;0.7813873;0.8866871;-795.3931;584.1301;696.1315;222.1207;102.3042;107.0704;153.0864
39.57156;96.57236;123.9458;-352.1621;82.89586;47.39332;-258.8547;-309.8364;50.89086;97.39012;0;26.43525;25.80437;58.88845;68.79568;110.2064;95.54082;61.99448;97.5037;-71.72107;-74.1525;0.7982657;0.906135;-793.663;581.7244;695.2565;222.7881;103.2845;107.97;153.8212
38.22289;96.64793;122.5426;-337.6966;84.75747;46.94777;-262.6967;-311.8781;49.72723;97.54569;0;26.26166;24.09216;58.36204;68.47697;109.7726;95.75416;66.48905;96.43643;-71.11256;-73.24966;0.7595685;0.8653567;-800.3823;576.239;686.825;221.6438;102.9776;107.5155;153.1533
37.66147;96.68211;118.9756;-336.2019;80.83459;42.59832;-262.2373;-311.7769;48.80198;97.34248;0;22.00957;20.40406;54.74881;64.15738;106.3133;95.49743;66.14414;92.82574;-69.38804;-73.53951;0.7497378;0.8548858;-800.777;577.499;687.8035;221.2985;99.54939;104.6259;150.9893
35.36905;96.59843;116.3459;-324.4236;79.97526;40.10791;-262.9857;-312.5734;46.89466;96.92967;0;20.51046;18.85436;51.63344;61.59808;104.1563;95.08073;62.39564;91.22826;-67.18503;-73.38425;0.7165422;0.8094177;-806.9418;578.2987;683.3951;218.6501;96.80028;101.8874;148.5343
36.42595;96.4169;117.8466;-340.0193;82.04697;39.18899;-257.6402;-308.3255;47.99287;96.71108;0;20.37879;18.96075;50.98716;61.28331;104.3146;94.95628;51.23798;92.11316;-67.51441;-74.99301;0.7632785;0.8533058;-799.8397;584.7068;692.3345;220.9674;96.85291;102.2424;149.4466
34.19679;95.80092;117.3546;-325.6824;83.7934;39.84954;-260.0711;-310.555;46.53955;96.25045;0;21.789;20.59395;49.84691;61.06953;104.2208;94.81712;42.05631;92.4031;-67.05569;-74.34471;0.7221904;0.8040743;-806.233;580.357;682.7188;218.5839;96.39789;101.5055;148.4539
35.38226;95.52285;118.5545;-335.2729;84.9436;40.62532;-258.3578;-308.7549;47.55611;96.31493;0;22.67806;21.48272;50.69069;62.04045;104.6759;95.06731;39.17282;93.37101;-68.26198;-75.29722;0.7514307;0.8363534;-801.4638;585.4839;690.7155;219.3794;97.35426;102.3315;149.1686
36.88359;95.55518;120.127;-342.095;84.84446;42.31206;-258.0988;-308.5504;48.53782;96.74497;0;23.46767;21.70359;53.05182;63.7509;105.8932;95.3251;39.58965;94.24794;-69.26649;-75.42659;0.7690055;0.8616209;-798.7379;585.4523;693.0939;220.3965;98.84589;103.7511;150.2944
38.70781;95.89884;122.9021;-351.8427;85.6236;44.42401;-257.5096;-308.4437;49.96714;97.16074;0;24.81591;23.13429;55.69987;66.21272;108.32;95.5669;44.95024;96.24987;-70.05516;-75.0275;0.7969338;0.89856;-794.3612;582.4839;694.4846;223.4751;101.3812;106.2842;152.8444
39.18129;96.24998;124.0687;-351.7915;85.34171;46.16316;-258.6949;-309.7657;50.29133;97.42314;0;25.75704;24.39519;57.48888;67.69759;109.5663;95.70818;56.93621;97.01694;-70.86689;-74.47274;0.7938148;0.9016559;-793.3522;581.1969;693.3649;223.7187;102.741;107.5524;153.7993
39.56374;96.39206;123.8805;-356.1889;85.14568;45.44539;-257.0228;-308.7963;50.60464;97.46963;0;24.9362;23.53881;57.35819;66.69074;109.2877;95.72417;58.15538;96.58402;-71.32623;-74.62217;0.8067513;0.9153481;-791.0542;584.1838;697.9837;223.9769;102.3935;107.3082;153.7161
42.59916;96.38216;126.2537;-388.2331;87.94794;44.96575;-249.0859;-302.1918;53.53995;97.38544;0;24.9247;23.28438;57.55648;66.89505;110.1378;95.65887;61.80501;97.69738;-72.58311;-76.41297;0.9097413;1.027023;-776.421;591.8496;710.7166;228.6273;103.3751;108.894;155.8943
43.66445;96.39191;127.437;-400.5621;88.77179;45.31879;-246.1424;-300.0032;54.66002;97.42643;0;24.99864;23.00804;58.15913;67.32925;111.0174;95.76263;62.46776;98.43298;-72.76483;-76.52159;0.9501896;1.071973;-770.8814;595.1594;715.2402;230.5382;104.2902;110.0291;157.2463
38.71823;96.40039;122.9588;-353.2869;83.57394;44.5032;-256.1431;-307.805;50.16341;97.20897;0;24.06655;24.0712;56.17784;65.45383;108.6299;95.52275;64.14617;96.00853;-70.17233;-74.22852;0.8099816;0.9097052;-793.429;579.2371;689.6631;224.4056;101.6891;106.7777;153.5572
35.48668;96.38095;118.7701;-325.437;75.8045;42.78708;-263.4182;-313.5573;47.29741;96.71885;0;22.42243;23.11116;54.64888;63.14042;105.2614;95.12183;63.03657;93.10823;-69.43764;-73.12413;0.717585;0.8120268;-805.004;574.3214;678.4771;219.275;98.76101;103.5431;149.8162
33.40635;96.34379;116.6491;-311.1701;74.47251;42.07484;-265.9705;-315.7849;45.72509;96.49602;0;21.96208;22.38169;53.43688;62.10903;103.9402;95.01558;62.82083;92.05281;-69.09127;-72.6721;0.6796317;0.7680829;-811.5377;576.4626;675.0196;216.3869;97.28181;101.9195;147.903
32.72235;96.31584;116.5236;-306.3342;74.17235;42.17268;-267.1313;-316.2032;45.09465;96.49293;0;22.39338;22.55848;52.68509;61.75222;104.0848;95.03896;69.8777;91.81023;-68.82743;-72.40848;0.6671581;0.7542275;-813.5749;577.2021;674.0147;215.921;96.88065;101.5481;147.5403
28.83277;96.30418;113.6967;-276.5729;72.56252;42.69724;-275.3746;-322.3815;41.9767;96.51706;0;23.16286;22.74337;51.69746;61.31669;103.41;95.08117;70.02659;90.53878;-66.4362;-69.68613;0.5778708;0.6576825;-827.4182;566.4919;657.5728;210.3024;95.73188;100.0515;145.0556
25.54959;96.27467;110.2635;-252.7853;72.82407;42.04847;-281.0396;-326.6429;39.24564;96.58575;0;23.48087;22.12008;49.7585;59.75573;101.5101;95.09186;73.04214;88.52675;-64.13794;-68.05803;0.5052614;0.5756159;-838.7809;560.1978;647.1981;203.8302;93.18359;97.34921;140.9064
25.92811;96.13395;111.1924;-256.9892;74.67518;42.85065;-279.5085;-325.6472;39.68755;96.58087;0;24.61901;23.8667;50.63739;61.07574;102.1068;94.97952;75.29111;89.4118;-64.11211;-68.50861;0.5195217;0.5889614;-837.1661;564.3321;651.4927;203.7704;93.59368;97.80985;141.1289
25.49537;95.87923;110.4531;-253.6989;71.53773;42.71238;-280.176;-326.04;39.15641;96.46402;0;24.12147;23.25114;50.4853;60.69533;101.5972;94.87875;78.48635;88.86181;-64.42358;-68.78606;0.5074882;0.5735261;-839.6367;562.0529;648.1334;202.9814;92.97238;97.23328;140.5605
25.27147;95.76997;110.5559;-253.6189;73.40042;42.65502;-280.2044;-325.9557;39.18575;96.46085;0;24.43384;23.90099;50.38503;61.09899;102.0049;94.87848;82.8196;89.31921;-64.11311;-68.80238;0.5079024;0.5749753;-839.795;562.1282;648.2133;202.7271;93.21183;97.3923;140.624
25.98711;95.72508;110.5474;-255.5243;72.13226;42.98868;-279.6049;-325.7191;39.43722;96.68842;0;24.25155;23.66417;51.24641;61.29913;101.9252;94.98383;82.9645;89.38494;-64.19637;-68.88068;0.5123249;0.5810962;-837.5983;562.6447;649.0899;202.5249;93.36507;97.28955;140.466
27.01685;95.74239;110.9965;-261.9948;72.36212;42.67924;-277.4061;-323.9992;40.18011;96.68773;0;23.9535;23.49589;51.1179;61.11861;101.8677;94.97018;84.13148;89.59846;-64.57372;-69.73205;0.5316395;0.5994245;-834.913;566.1927;654.1591;203.6089;93.34325;97.49295;141.0175
28.10583;95.71308;111.9093;-268.3118;73.67983;42.77948;-276.3586;-323.0064;41.04123;96.67264;0;24.20901;23.72633;51.29002;61.46097;102.2151;95.00652;86.10572;89.92771;-65.17023;-70.14937;0.5523363;0.621832;-833.1533;568.4445;657.041;204.778;93.77812;98.09644;141.7265
28.87433;95.68834;112.5829;-273.0533;76.16473;42.56701;-275.728;-322.1073;41.67248;96.7449;0;24.13858;22.49902;51.25413;61.30132;102.5389;95.11748;86.63148;89.99905;-65.65289;-70.40133;0.5697276;0.6396202;-831.5939;568.188;656.7729;206.5268;94.01513;98.52821;142.5151
31.42975;95.721;115.2377;-292.2982;78.34766;42.34229;-271.4562;-318.5647;43.73206;96.90762;0;23.61538;21.97055;51.55241;61.64073;103.9225;95.31507;86.62988;91.20462;-66.64075;-71.71126;0.6276761;0.7066378;-822.0022;574.4487;667.9471;211.4939;95.80512;100.6303;145.5923
31.36054;95.88962;113.9927;-291.4142;75.98765;40.51111;-271.8297;-318.7984;43.4689;97.03551;0;21.71863;20.62829;50.3772;60.20862;102.7507;95.35973;75.63802;89.94871;-64.95642;-71.27522;0.6229768;0.7037506;-820.7094;573.7513;667.5779;211.6814;94.84093;99.68436;144.8884
35.75674;95.87433;119.2587;-336.3849;80.94609;42.06482;-259.7283;-309.537;47.80347;96.90079;0;23.47574;22.88535;52.54048;62.49455;105.3791;95.23244;82.01917;93.42611;-67.92931;-74.09614;0.7593341;0.8539572;-799.6718;583.9886;688.8809;219.3949;98.03481;103.1698;149.0631
38.96835;95.90747;124.9862;-370.436;86.39276;43.51366;-251.5153;-303.2056;51.34295;96.62595;0;24.42815;23.55507;54.52388;65.43382;109.5204;95.03735;85.40832;97.39355;-70.32828;-75.9643;0.863307;0.9660742;-784.413;587.9185;704.5169;228.5345;102.2725;107.9089;155.768
47.11663;95.8811;130.9191;-458.2403;89.96778;43.34533;-229.3889;-286.7434;58.85749;96.66589;0;23.58215;21.51561;56.96706;66.87045;112.8108;95.0667;87.7432;100.9112;-75.2973;-80.37226;1.141577;1.270534;-745.1625;606.0927;733.9661;241.858;105.7454;112.9801;162.5846
47.80204;95.89194;132.1942;-463.5777;90.1197;42.91093;-227.5404;-285.217;59.39884;96.72745;0;23.04704;21.76439;56.83126;66.70698;113.0207;95.16622;92.0877;101.4007;-75.20317;-80.55037;1.161212;1.290856;-742.8526;605.3478;733.6957;243.298;106.0387;113.42;163.5674
46.26105;95.87956;129.8725;-443.9597;89.31502;41.97807;-231.5619;-288.3802;57.69344;96.79214;0;22.39144;22.07509;55.81584;65.41809;111.9486;95.29553;93.52634;100.4519;-73.63496;-79.72553;1.099144;1.218998;-751.856;600.2525;726.696;240.3419;104.8785;111.9558;162.0488
40.32197;95.87243;122.5931;-378.2816;84.13151;41.13577;-247.224;-300.717;52.00129;96.76806;0;21.958;22.23512;53.50119;63.04897;107.4564;95.2175;88.68904;96.70931;-69.95914;-76.81013;0.8873043;0.986045;-781.8191;584.3914;702.2123;229.4873;100.5706;106.2509;154.9481
40.4725;95.87304;122.2988;-377.8713;84.51565;41.38131;-247.4934;-300.9548;52.02194;96.84288;0;22.25324;22.58882;53.77456;63.22472;107.626;95.26577;89.20171;96.88072;-69.56189;-76.79883;0.8875773;0.9872918;-781.9124;584.2496;701.8101;229.4148;100.7485;106.3997;154.9796
39.46613;95.85739;121.358;-367.6122;84.17503;41.80394;-250.5733;-302.9751;51.08957;96.84354;0;22.74398;22.98247;53.6157;63.29244;107.2451;95.3046;90.71941;96.25858;-69.22424;-76.36332;0.8531556;0.950074;-786.2726;582.1628;697.5102;227.5222;100.4585;105.8863;154.1338
37.84644;95.87025;120.2487;-351.9273;83.75545;42.44965;-254.9267;-306.2697;49.64475;96.80801;0;23.45949;22.58817;53.44125;63.2883;106.7313;95.25182;91.22231;95.46607;-68.74186;-75.45286;0.804603;0.8987727;-793.4133;581.7911;693.4183;224.4066;99.9009;105.0413;152.7117
32.17711;95.88239;115.3848;-298.4653;79.89172;43.479;-269.8396;-317.392;44.6694;96.82732;0;24.80156;22.96739;52.4422;63.00153;105.1575;95.13705;90.90981;93.0257;-66.26517;-72.09827;0.6460157;0.7283043;-818.4977;571.8922;669.0017;214.2885;97.87888;102.1538;147.844
33.96859;95.88319;116.1975;-311.1696;79.10628;43.55114;-266.2229;-314.6539;45.98883;96.84759;0;24.62156;22.4214;53.44727;63.23924;104.8575;95.19625;90.72232;92.79956;-68.06059;-73.38847;0.6835613;0.7704545;-812.215;581.5963;681.7993;214.8529;97.94549;102.2648;147.6731
35.06376;95.86596;116.2096;-319.3498;78.90215;42.56805;-262.8956;-312.7226;46.76186;96.92332;0;23.70689;22.81737;52.79946;62.48888;104.3985;95.37217;89.73193;92.94927;-68.29281;-74.25208;0.7069696;0.7930199;-808.3105;583.9296;685.825;215.8672;97.71322;102.1048;147.8849
38.35403;95.86137;119.8274;-348.9811;81.00182;42.89071;-255.4;-307.3273;49.64267;97.0676;0;23.66381;23.44287;54.41118;63.79518;106.2959;95.51985;91.55956;95.16459;-69.33814;-75.58875;0.7923133;0.887919;-794.6814;583.9727;695.4329;222.2731;99.75983;104.6857;151.4504
39.40107;96.11089;121.3795;-357.5297;82.01437;43.63102;-253.2963;-305.2708;50.60442;97.21775;0;23.78102;25.21782;55.86716;64.56792;107.6858;95.62216;90.8318;96.24824;-69.48582;-75.56906;0.8213568;0.9197563;-791.1064;584.857;698.5901;224.264;101.0615;106.135;152.9261
36.57661;96.28555;118.8125;-331.7246;77.59631;43.14702;-259.859;-310.2659;48.14526;97.03653;0;22.68804;24.96939;55.34305;63.72757;106.6796;95.43513;90.1206;95.02034;-68.13369;-74.24584;0.7428812;0.8344712;-803.3353;578.3689;686.874;221.6769;99.94204;104.7441;151.4327
37.33043;96.31777;119.7694;-337.8137;78.06613;43.68179;-258.4808;-309.4343;48.86574;97.06862;0;23.20654;25.04356;56.01691;64.29996;107.3227;95.49868;91.65355;95.59843;-68.5625;-74.47628;0.7614523;0.8551832;-800.5898;577.9052;688.7402;222.8757;100.6244;105.5216;152.1769
37.21236;96.44441;119.0173;-337.2969;76.95855;43.93176;-259.0313;-309.8133;48.86652;97.06281;0;23.20468;24.50307;56.28801;64.41786;106.8343;95.61641;92.38137;94.88383;-68.66016;-74.07897;0.7597278;0.8556491;-800.4226;579.624;688.8223;221.4233;100.3172;105.2659;151.4241
37.08659;96.42914;118.5101;-336.9686;75.89814;43.8073;-259.3433;-310.1017;48.83411;96.96413;0;23.01737;23.81233;55.80693;64.07423;106.4699;95.46078;92.38509;94.38416;-68.87272;-73.88166;0.7593666;0.8569793;-800.3635;579.8345;688.814;221.2884;99.90976;104.8732;151.1084
36.84088;96.40015;118.5228;-334.7137;77.2832;43.67996;-260.0209;-310.2488;48.67772;96.88439;0;23.38505;24.44726;55.10186;63.70818;106.4616;95.37554;92.64681;94.1743;-69.314;-73.96917;0.7523739;0.8511948;-801.3467;579.5367;688.0458;221.101;99.86667;104.7601;151.0397
33.93472;96.33175;117.2373;-307.0591;79.70918;45.14201;-266.7369;-315.1614;46.16918;97.05152;0;25.54883;24.54847;55.27406;64.66988;106.7823;95.43544;93.01054;94.44852;-67.94777;-72.7794;0.6759943;0.7629084;-813.9371;574.485;674.8057;217.3082;99.69399;104.0516;149.6763
33.82248;96.29845;117.3095;-306.5065;79.88044;45.11267;-266.4357;-315.3767;46.07376;97.03156;0;25.57625;24.16317;55.60814;64.8192;106.8612;95.37202;93.02364;94.64364;-68.36237;-72.82137;0.6760803;0.762948;-813.8314;577.3361;677.6287;217.0504;99.67205;103.9851;149.5606
33.68279;96.3006;117.5042;-306.2505;80.50156;45.40194;-266.542;-315.2074;45.99469;97.11098;0;25.84892;24.93768;55.67659;65.30885;107.0553;95.40088;93.35352;94.83636;-68.59245;-72.98264;0.6752848;0.7642158;-813.7296;577.7311;677.8435;217.0065;99.94418;104.186;149.6711
33.38612;96.28795;117.1537;-306.298;80.49064;44.95313;-266.127;-314.8113;45.85017;96.98979;0;25.6243;24.73133;55.01789;64.8381;106.7196;95.3206;92.94937;94.55048;-68.42665;-73.05116;0.6769554;0.7637205;-813.717;578.6777;678.4529;216.8953;99.56817;103.8871;149.429
33.25313;96.2843;117.2377;-306.5566;80.47744;44.77445;-265.8409;-314.6771;45.77393;96.94262;0;25.59253;24.58385;54.88773;64.61837;106.7424;95.26511;92.96518;94.62846;-68.04845;-72.98355;0.6783773;0.7640107;-813.6609;578.9767;678.8871;217.149;99.48669;103.8382;149.5026
32.90705;96.27695;117.205;-302.634;80.10125;45.29783;-267.7749;-316.0378;45.42057;97.09579;0;25.88061;24.84278;55.03112;65.15824;107.1731;95.38406;93.61079;94.61106;-67.48932;-72.32182;0.6667501;0.7537888;-815.4399;576.3058;674.607;217.001;99.8765;104.1379;149.6594
31.833;96.27595;114.755;-296.5641;76.20879;43.63995;-268.8632;-316.9579;44.49977;96.86402;0;24.04517;23.64379;53.61235;62.68309;105.0277;95.35741;91.3986;92.59914;-66.85398;-71.86654;0.6449496;0.7299024;-818.3569;572.5627;667.1817;214.9969;98.01228;102.2629;147.6954
30.21828;96.23937;112.3144;-287.9799;71.99249;42.38327;-269.9579;-318.3916;43.29536;96.4697;0;22.76711;23.21;52.30444;61.23911;103.268;95.1294;84.64066;91.07623;-66.20541;-71.22888;0.6180282;0.6979919;-822.6872;570.9168;664.0824;212.601;96.11859;100.4239;145.823
30.02334;96.26389;111.5524;-285.489;73.74758;41.96262;-269.6386;-318.2399;42.98117;96.56668;0;23.12098;23.6095;51.7551;60.67471;102.5975;95.27136;72.31094;90.75005;-65.60978;-71.24501;0.6114886;0.6876991;-823.709;574.9978;668.2631;210.22;95.43026;99.5785;144.233
